<?xml version="1.0" encoding="UTF-8"?>
<project-private xmlns="http://www.netbeans.org/ns/project-private/1">
    <editor-bookmarks xmlns="http://www.netbeans.org/ns/editor-bookmarks/2" lastBookmarkId="0"/>
    <open-files xmlns="http://www.netbeans.org/ns/projectui-open-files/2">
        <group>
            <file>file:/Y:/__win2019/ITSC315/_MODULES/W6-7_Web/Week6/W6_Part2_CSRF_examples/StealSessionID/web/index.jsp</file>
            <file>file:/Y:/__win2019/ITSC315/_MODULES/W6-7_Web/Week6/W6_Part2_CSRF_examples/StealSessionID/web/mainpage.jsp</file>
            <file>file:/Y:/__win2019/ITSC315/_MODULES/W6-7_Web/Week6/W6_Part2_CSRF_examples/StealSessionID/src/java/logout/Login.java</file>
            <file>file:/Y:/__win2019/ITSC315/_MODULES/W6-7_Web/Week6/W6_Part2_CSRF_examples/StealSessionID/web/stealSessionID.html</file>
        </group>
    </open-files>
</project-private>
