<?xml version="1.0" encoding="UTF-8"?>
<project-private xmlns="http://www.netbeans.org/ns/project-private/1">
    <editor-bookmarks xmlns="http://www.netbeans.org/ns/editor-bookmarks/2" lastBookmarkId="0"/>
    <open-files xmlns="http://www.netbeans.org/ns/projectui-open-files/2">
        <group>
            <file>file:/Y:/__win2019/ITSC315/_MODULES/W6-7_Web/Week6/W6_Part2_CSRF_examples/CSRF_example_Nonce/web/main.jsp</file>
            <file>file:/Y:/__win2019/ITSC315/_MODULES/W6-7_Web/Week6/W6_Part2_CSRF_examples/CSRF_example_Nonce/src/java/validate/Validate.java</file>
            <file>file:/Y:/__win2019/ITSC315/_MODULES/W6-7_Web/Week6/W6_Part2_CSRF_examples/CSRF_example_Nonce/web/badLink.jsp</file>
            <file>file:/Y:/__win2019/ITSC315/_MODULES/W6-7_Web/Week6/W6_Part2_CSRF_examples/CSRF_example_Nonce/web/badPage.jsp</file>
            <file>file:/Y:/__win2019/ITSC315/_MODULES/W6-7_Web/Week6/W6_Part2_CSRF_examples/CSRF_example_Nonce/web/index.jsp</file>
            <file>file:/Y:/__win2019/ITSC315/_MODULES/W6-7_Web/Week6/W6_Part2_CSRF_examples/CSRF_example_Nonce/src/java/withdraw/Withdraw.java</file>
        </group>
    </open-files>
</project-private>
